"","Id","LotArea","LotShape","LandContour","Utilities","LotConfig","Slope","DwellClass","OverallQuality","OverallCondition","YearBuilt","ExteriorCondition","BasementCondition","TotalBSF","CentralAir","LowQualFinSF","LivingArea","FullBath","HalfBath","BedroomAbvGr","KitchenQuality","KitchenAbvGr","Fireplaces","GarageType","GarageCars","PavedDrive","PoolArea","OpenPorchSF","MoSold","YrSold","SalePrice","X","X.1","LotShape_2","LotShape_3","LotShape_4","LandContour_HLS","LandContour_Low","LandContour_Lv1","Utilities_NoSewa","LotConfig_CulDSac","LotConfig_FR2","LotConfig_FR3","LotConfig_Inside","Slope_Mod","Slope_Sev","DwellClass_2fmCon","DwellClass_Duplex","DwellClass_Twnhs","DwellClass_TwnhsE","CentralAir_Y","GarageType_Attchd","GarageType_Basment","GarageType_BuiltIn","GarageType_CarPort","GarageType_Detchd","PavedDrive_P","PavedDrive_Y","OverallQuality_2","OverallQuality_3","OverallQuality_4","OverallQuality_5","OverallQuality_6","OverallQuality_7","OverallQuality_8","OverallQuality_9","OverallQuality_10","OverallCondition_3","OverallCondition_4","OverallCondition_5","OverallCondition_6","OverallCondition_7","OverallCondition_8","OverallCondition_9","ExteriorCondition_Gd","ExteriorCondition_TA","BasementCondition_Fa","BasementCondition_Gd","BasementCondition_NB","KitchenQuality_Ex","KitchenQuality_Fa","KitchenQuality_Gd"
"1",1056,11361,4,"Lvl","AllPub","Inside","Gtl","1Fam",6,5,1976,"TA","TA",1193,"Y",0,1523,2,0,3,"TA",1,1,"Attchd",2,"Y",0,0,5,2008,180000,NA,NA,0,0,1,0,0,0,0,0,0,0,1,0,0,0,0,0,0,1,1,0,0,0,0,0,1,0,0,0,0,1,0,0,0,0,0,0,1,0,0,0,0,0,1,0,0,0,0,0,0
"2",43,9180,3,"Lvl","AllPub","CulDSac","Gtl","1Fam",5,7,1983,"TA","TA",840,"Y",0,884,1,0,2,"Gd",1,0,"Attchd",2,"Y",0,0,12,2007,144000,NA,NA,0,1,0,0,0,0,0,1,0,0,0,0,0,0,0,0,0,1,1,0,0,0,0,0,1,0,0,0,1,0,0,0,0,0,0,0,0,0,1,0,0,0,1,0,0,0,0,0,1
"3",1332,10780,3,"Lvl","AllPub","Inside","Gtl","1Fam",5,5,1976,"TA","TA",911,"Y",0,954,1,0,3,"TA",1,0,"Detchd",2,"Y",0,0,7,2006,132500,NA,NA,0,1,0,0,0,0,0,0,0,0,1,0,0,0,0,0,0,1,0,0,0,0,1,0,1,0,0,0,1,0,0,0,0,0,0,0,1,0,0,0,0,0,1,0,0,0,0,0,0
"4",865,8640,4,"Lvl","AllPub","Inside","Gtl","1Fam",7,5,2007,"TA","TA",1372,"Y",0,1372,2,0,3,"Gd",1,0,"Attchd",2,"Y",0,140,5,2008,250580,NA,NA,0,0,1,0,0,0,0,0,0,0,1,0,0,0,0,0,0,1,1,0,0,0,0,0,1,0,0,0,0,0,1,0,0,0,0,0,1,0,0,0,0,0,1,0,0,0,0,0,1
"5",718,10000,4,"Lvl","AllPub","Inside","Gtl","1Fam",5,6,1973,"TA","TA",1176,"Y",0,1178,1,1,3,"Gd",1,1,"Attchd",2,"Y",0,0,11,2008,157000,NA,NA,0,0,1,0,0,0,0,0,0,0,1,0,0,0,0,0,0,1,1,0,0,0,0,0,1,0,0,0,1,0,0,0,0,0,0,0,0,1,0,0,0,0,1,0,0,0,0,0,1
"6",52,6240,4,"Lvl","AllPub","Inside","Gtl","1Fam",6,6,1934,"TA","TA",816,"Y",360,1176,1,0,3,"TA",1,1,"Detchd",2,"Y",0,0,9,2006,114500,NA,NA,0,0,1,0,0,0,0,0,0,0,1,0,0,0,0,0,0,1,0,0,0,0,1,0,1,0,0,0,0,1,0,0,0,0,0,0,0,1,0,0,0,0,1,0,0,0,0,0,0
"7",1264,13515,4,"Lvl","AllPub","Inside","Gtl","1Fam",6,6,1919,"TA","TA",764,"Y",0,1824,1,0,3,"TA",1,1,"Detchd",2,"N",0,0,7,2007,180500,NA,NA,0,0,1,0,0,0,0,0,0,0,1,0,0,0,0,0,0,1,0,0,0,0,1,0,0,0,0,0,0,1,0,0,0,0,0,0,0,1,0,0,0,0,1,0,0,0,0,0,0
"8",1114,8923,4,"Lvl","AllPub","Inside","Gtl","1Fam",5,7,1953,"TA","TA",1008,"Y",0,1008,1,0,2,"Gd",1,0,"Attchd",1,"Y",0,18,5,2007,134500,NA,NA,0,0,1,0,0,0,0,0,0,0,1,0,0,0,0,0,0,1,1,0,0,0,0,0,1,0,0,0,1,0,0,0,0,0,0,0,0,0,1,0,0,0,1,0,0,0,0,0,1
"9",38,8532,4,"Lvl","AllPub","Inside","Gtl","1Fam",5,6,1954,"TA","TA",1297,"Y",0,1297,1,0,3,"TA",1,1,"Attchd",2,"Y",0,0,10,2009,153000,NA,NA,0,0,1,0,0,0,0,0,0,0,1,0,0,0,0,0,0,1,1,0,0,0,0,0,1,0,0,0,1,0,0,0,0,0,0,0,0,1,0,0,0,0,1,0,0,0,0,0,0
"10",14,10652,3,"Lvl","AllPub","Inside","Gtl","1Fam",7,5,2006,"TA","TA",1494,"Y",0,1494,2,0,3,"Gd",1,1,"Attchd",3,"Y",0,33,8,2007,279500,NA,NA,0,1,0,0,0,0,0,0,0,0,1,0,0,0,0,0,0,1,1,0,0,0,0,0,1,0,0,0,0,0,1,0,0,0,0,0,1,0,0,0,0,0,1,0,0,0,0,0,1
"11",1095,5868,4,"Lvl","AllPub","Inside","Gtl","1Fam",5,7,1956,"TA","TA",936,"Y",0,936,1,0,2,"TA",1,0,"Attchd",1,"Y",0,0,5,2010,129000,NA,NA,0,0,1,0,0,0,0,0,0,0,1,0,0,0,0,0,0,1,1,0,0,0,0,0,1,0,0,0,1,0,0,0,0,0,0,0,0,0,1,0,0,0,1,0,0,0,0,0,0
"12",1409,7740,4,"Lvl","AllPub","Inside","Gtl","1Fam",4,7,1910,"TA","TA",622,"Y",0,1363,1,0,3,"TA",1,0,"Detchd",2,"Y",0,0,6,2010,125500,NA,NA,0,0,1,0,0,0,0,0,0,0,1,0,0,0,0,0,0,1,0,0,0,0,1,0,1,0,0,1,0,0,0,0,0,0,0,0,0,0,1,0,0,0,1,0,0,0,0,0,0
"13",676,2289,4,"Lvl","AllPub","Inside","Gtl","Twnhs",6,6,1978,"TA","TA",855,"Y",0,1441,2,1,3,"TA",1,1,"Attchd",2,"Y",0,0,4,2009,148500,NA,NA,0,0,1,0,0,0,0,0,0,0,1,0,0,0,0,1,0,1,1,0,0,0,0,0,1,0,0,0,0,1,0,0,0,0,0,0,0,1,0,0,0,0,1,0,0,0,0,0,0
"14",30,6324,3,"Lvl","AllPub","Inside","Gtl","1Fam",4,6,1927,"TA","TA",520,"N",0,520,1,0,1,"Fa",1,0,"Detchd",1,"Y",0,0,5,2008,68500,NA,NA,0,1,0,0,0,0,0,0,0,0,1,0,0,0,0,0,0,0,0,0,0,0,1,0,1,0,0,1,0,0,0,0,0,0,0,0,0,1,0,0,0,0,1,0,0,0,0,1,0
"15",608,7800,4,"Bnk","AllPub","Inside","Mod","1Fam",5,8,1948,"Gd","Gd",896,"Y",0,2008,3,0,3,"Ex",1,0,"Attchd",1,"Y",0,0,8,2006,225000,NA,NA,0,0,1,0,0,0,0,0,0,0,1,1,0,0,0,0,0,1,1,0,0,0,0,0,1,0,0,0,1,0,0,0,0,0,0,0,0,0,0,1,0,1,0,0,1,0,1,0,0
"16",1268,13214,3,"HLS","AllPub","Inside","Gtl","1Fam",9,5,2008,"TA","TA",2002,"Y",0,2018,2,0,3,"Ex",1,1,"Attchd",3,"Y",0,76,5,2010,378500,NA,NA,0,1,0,1,0,0,0,0,0,0,1,0,0,0,0,0,0,1,1,0,0,0,0,0,1,0,0,0,0,0,0,0,1,0,0,0,1,0,0,0,0,0,1,0,0,0,1,0,0
"17",932,9100,4,"Lvl","AllPub","Inside","Gtl","1Fam",5,6,1965,"TA","TA",925,"Y",0,925,1,0,2,"TA",1,0,"Detchd",1,"Y",0,0,7,2009,117500,NA,NA,0,0,1,0,0,0,0,0,0,0,1,0,0,0,0,0,0,1,0,0,0,0,1,0,1,0,0,0,1,0,0,0,0,0,0,0,0,1,0,0,0,0,1,0,0,0,0,0,0
"18",1047,16056,3,"Lvl","AllPub","Inside","Gtl","1Fam",9,5,2005,"TA","TA",1992,"Y",0,2868,3,1,4,"Ex",1,1,"BuiltIn",3,"Y",0,108,7,2006,556581,NA,NA,0,1,0,0,0,0,0,0,0,0,1,0,0,0,0,0,0,1,0,0,1,0,0,0,1,0,0,0,0,0,0,0,1,0,0,0,1,0,0,0,0,0,1,0,0,0,1,0,0
"19",329,11888,3,"Bnk","AllPub","Inside","Gtl","1Fam",6,6,1916,"TA","TA",844,"N",0,2134,2,0,5,"Gd",1,0,"Detchd",2,"Y",0,60,7,2009,214500,NA,NA,0,1,0,0,0,0,0,0,0,0,1,0,0,0,0,0,0,0,0,0,0,0,1,0,1,0,0,0,0,1,0,0,0,0,0,0,0,1,0,0,0,0,1,0,0,0,0,0,1
"20",547,8737,3,"Bnk","AllPub","Inside","Gtl","1Fam",6,7,1923,"TA","TA",1065,"Y",0,1635,1,1,3,"TA",1,1,"Detchd",2,"Y",0,38,5,2007,210000,NA,NA,0,1,0,0,0,0,0,0,0,0,1,0,0,0,0,0,0,1,0,0,0,0,1,0,1,0,0,0,0,1,0,0,0,0,0,0,0,0,1,0,0,0,1,0,0,0,0,0,0
"21",1255,6931,4,"Lvl","AllPub","Inside","Gtl","1Fam",7,5,2003,"TA","TA",746,"Y",0,1656,2,1,3,"Gd",1,1,"BuiltIn",2,"Y",0,128,7,2008,165400,NA,NA,0,0,1,0,0,0,0,0,0,0,1,0,0,0,0,0,0,1,0,0,1,0,0,0,1,0,0,0,0,0,1,0,0,0,0,0,1,0,0,0,0,0,1,0,0,0,0,0,1
"22",413,4403,2,"Lvl","AllPub","Inside","Gtl","1Fam",7,5,2009,"TA","TA",1470,"Y",0,1478,2,1,2,"Gd",1,1,"Attchd",2,"Y",0,144,6,2010,222000,NA,NA,1,0,0,0,0,0,0,0,0,0,1,0,0,0,0,0,0,1,1,0,0,0,0,0,1,0,0,0,0,0,1,0,0,0,0,0,1,0,0,0,0,0,1,0,0,0,0,0,1
"23",227,9950,3,"Lvl","AllPub","Inside","Gtl","1Fam",7,5,1995,"TA","TA",1203,"Y",0,2520,2,1,4,"Gd",1,1,"Attchd",3,"Y",0,114,6,2007,290000,NA,NA,0,1,0,0,0,0,0,0,0,0,1,0,0,0,0,0,0,1,1,0,0,0,0,0,1,0,0,0,0,0,1,0,0,0,0,0,1,0,0,0,0,0,1,0,0,0,0,0,1
"24",829,28698,2,"Low","AllPub","CulDSac","Sev","1Fam",5,5,1967,"TA","Gd",1013,"Y",0,2126,2,1,3,"TA",1,0,"Attchd",2,"Y",0,0,6,2009,185000,NA,NA,1,0,0,0,1,0,0,1,0,0,0,0,1,0,0,0,0,1,1,0,0,0,0,0,1,0,0,0,1,0,0,0,0,0,0,0,1,0,0,0,0,0,1,0,1,0,0,0,0
"25",1394,10800,4,"Lvl","AllPub","Inside","Gtl","2fmCon",6,7,1905,"TA","TA",482,"N",0,1912,2,0,3,"TA",2,1,"Detchd",2,"Y",0,25,4,2008,163000,NA,NA,0,0,1,0,0,0,0,0,0,0,1,0,0,1,0,0,0,0,0,0,0,0,1,0,1,0,0,0,0,1,0,0,0,0,0,0,0,0,1,0,0,0,1,0,0,0,0,0,0
"26",98,10921,4,"HLS","AllPub","Inside","Gtl","1Fam",4,5,1965,"TA","TA",960,"Y",0,960,1,0,3,"TA",1,0,"Attchd",1,"P",0,0,5,2007,94750,NA,NA,0,0,1,1,0,0,0,0,0,0,1,0,0,0,0,0,0,1,1,0,0,0,0,1,0,0,0,1,0,0,0,0,0,0,0,0,1,0,0,0,0,0,1,0,0,0,0,0,0
"27",571,13101,3,"Lvl","AllPub","Inside","Gtl","Duplex",5,5,1965,"TA","TA",1728,"Y",0,1728,2,0,6,"TA",2,0,"Detchd",2,"Y",0,0,11,2008,142600,NA,NA,0,1,0,0,0,0,0,0,0,0,1,0,0,0,1,0,0,1,0,0,0,0,1,0,1,0,0,0,1,0,0,0,0,0,0,0,1,0,0,0,0,0,1,0,0,0,0,0,0
"28",140,15426,3,"Lvl","AllPub","Inside","Gtl","1Fam",6,5,1997,"TA","TA",1064.51174377224,"Y",0,1764,2,1,3,"Gd",1,0,"Attchd",2,"Y",0,99,8,2009,231500,NA,NA,0,1,0,0,0,0,0,0,0,0,1,0,0,0,0,0,0,1,1,0,0,0,0,0,1,0,0,0,0,1,0,0,0,0,0,0,1,0,0,0,0,0,1,0,0,0,0,0,1
"29",1274,11512,3,"Lvl","AllPub","Corner","Gtl","1Fam",6,7,1959,"TA","TA",1019,"Y",0,1357,1,0,2,"Ex",1,1,"Basment",1,"Y",0,0,5,2008,177000,NA,NA,0,1,0,0,0,0,0,0,0,0,0,0,0,0,0,0,0,1,0,1,0,0,0,0,1,0,0,0,0,1,0,0,0,0,0,0,0,0,1,0,0,0,1,0,0,0,1,0,0
"30",462,7200,4,"Lvl","AllPub","Inside","Gtl","1Fam",7,9,1936,"Gd","Gd",560,"Y",0,1135,1,0,3,"Gd",1,0,"Detchd",2,"Y",0,0,4,2009,155000,NA,NA,0,0,1,0,0,0,0,0,0,0,1,0,0,0,0,0,0,1,0,0,0,0,1,0,1,0,0,0,0,0,1,0,0,0,0,0,0,0,0,0,1,1,0,0,1,0,0,0,1
"31",895,7018,4,"Bnk","AllPub","Inside","Gtl","Duplex",5,5,1979,"TA","NB",0,"Y",0,1535,2,0,4,"TA",2,0,"Attchd",2,"Y",0,0,6,2009,118858,NA,NA,0,0,1,0,0,0,0,0,0,0,1,0,0,0,1,0,0,1,1,0,0,0,0,0,1,0,0,0,1,0,0,0,0,0,0,0,1,0,0,0,0,0,1,0,0,1,0,0,0
"32",1110,11362,3,"Lvl","AllPub","Inside","Gtl","1Fam",8,5,2004,"TA","TA",1836,"Y",0,1836,2,0,3,"Gd",1,1,"Attchd",3,"Y",0,185,3,2009,280000,NA,NA,0,1,0,0,0,0,0,0,0,0,1,0,0,0,0,0,0,1,1,0,0,0,0,0,1,0,0,0,0,0,0,1,0,0,0,0,1,0,0,0,0,0,1,0,0,0,0,0,1
"33",137,10355,3,"Lvl","AllPub","Corner","Gtl","1Fam",5,5,1967,"TA","TA",1214,"Y",0,1214,2,0,3,"TA",1,1,"Attchd",1,"Y",0,111,7,2007,143000,NA,NA,0,1,0,0,0,0,0,0,0,0,0,0,0,0,0,0,0,1,1,0,0,0,0,0,1,0,0,0,1,0,0,0,0,0,0,0,1,0,0,0,0,0,1,0,0,0,0,0,0
"34",1218,8640,4,"Lvl","AllPub","Inside","Gtl","1Fam",8,5,2009,"TA","TA",1300,"Y",0,1314,2,0,3,"Gd",1,0,"Attchd",2,"Y",0,112,9,2009,229456,NA,NA,0,0,1,0,0,0,0,0,0,0,1,0,0,0,0,0,0,1,1,0,0,0,0,0,1,0,0,0,0,0,0,1,0,0,0,0,1,0,0,0,0,0,1,0,0,0,0,0,1
"35",349,2448,4,"Lvl","AllPub","Inside","Gtl","Twnhs",7,5,2003,"TA","TA",764,"Y",0,1626,2,1,2,"Gd",1,0,"BuiltIn",2,"Y",0,27,10,2008,154000,NA,NA,0,0,1,0,0,0,0,0,0,0,1,0,0,0,0,1,0,1,0,0,1,0,0,0,1,0,0,0,0,0,1,0,0,0,0,0,1,0,0,0,0,0,1,0,0,0,0,0,1
"36",71,13651,3,"Lvl","AllPub","Inside","Gtl","1Fam",7,6,1973,"Gd","TA",2223,"Y",0,2223,2,0,3,"TA",1,2,"Attchd",2,"Y",0,0,2,2007,244000,NA,NA,0,1,0,0,0,0,0,0,0,0,1,0,0,0,0,0,0,1,1,0,0,0,0,0,1,0,0,0,0,0,1,0,0,0,0,0,0,1,0,0,0,1,0,0,0,0,0,0,0
"37",1230,7910,4,"Lvl","AllPub","Inside","Gtl","1Fam",5,5,1960,"TA","TA",1075,"Y",0,1507,2,0,4,"TA",1,0,"Basment",1,"Y",0,0,8,2008,127000,NA,NA,0,0,1,0,0,0,0,0,0,0,1,0,0,0,0,0,0,1,0,1,0,0,0,0,1,0,0,0,1,0,0,0,0,0,0,0,1,0,0,0,0,0,1,0,0,0,0,0,0
"38",1163,8724,4,"Lvl","AllPub","Inside","Gtl","1Fam",5,5,1968,"TA","TA",894,"Y",0,894,1,0,3,"TA",1,1,"Attchd",2,"Y",0,0,5,2007,129000,NA,NA,0,0,1,0,0,0,0,0,0,0,1,0,0,0,0,0,0,1,1,0,0,0,0,0,1,0,0,0,1,0,0,0,0,0,0,0,1,0,0,0,0,0,1,0,0,0,0,0,0
"39",954,11075,3,"Lvl","AllPub","Inside","Mod","1Fam",5,4,1969,"TA","TA",784,"Y",0,1968,2,1,4,"TA",1,1,"Attchd",2,"Y",0,189,9,2008,172000,NA,NA,0,1,0,0,0,0,0,0,0,0,1,1,0,0,0,0,0,1,1,0,0,0,0,0,1,0,0,0,1,0,0,0,0,0,0,1,0,0,0,0,0,0,1,0,0,0,0,0,0
"40",296,7937,3,"Lvl","AllPub","CulDSac","Gtl","1Fam",6,6,1984,"TA","TA",1003,"Y",0,1003,1,0,3,"TA",1,0,"Detchd",2,"Y",0,0,3,2006,142500,NA,NA,0,1,0,0,0,0,0,1,0,0,0,0,0,0,0,0,0,1,0,0,0,0,1,0,1,0,0,0,0,1,0,0,0,0,0,0,0,1,0,0,0,0,1,0,0,0,0,0,0
"41",469,11428,3,"Lvl","AllPub","Inside","Gtl","1Fam",8,5,2006,"TA","TA",1626,"Y",0,1517.22206703911,2,0,3,"Gd",1,1,"Attchd",3,"Y",0,44,5,2007,250000,NA,NA,0,1,0,0,0,0,0,0,0,0,1,0,0,0,0,0,0,1,1,0,0,0,0,0,1,0,0,0,0,0,0,1,0,0,0,0,1,0,0,0,0,0,1,0,0,0,0,0,1
"42",614,8402,4,"Lvl","AllPub","Inside","Gtl","1Fam",5,5,2007,"TA","TA",1120,"Y",0,1120,1,0,3,"TA",1,0,"Attchd",0,"Y",0,30,12,2007,147000,NA,NA,0,0,1,0,0,0,0,0,0,0,1,0,0,0,0,0,0,1,1,0,0,0,0,0,1,0,0,0,1,0,0,0,0,0,0,0,1,0,0,0,0,0,1,0,0,0,0,0,0
"43",87,11911,2,"Lvl","AllPub","Inside","Gtl","1Fam",6,5,2005,"TA","TA",684,"Y",0,1560,2,1,3,"Gd",1,1,"BuiltIn",2,"Y",0,38,3,2009,174000,NA,NA,1,0,0,0,0,0,0,0,0,0,1,0,0,0,0,0,0,1,0,0,1,0,0,0,1,0,0,0,0,1,0,0,0,0,0,0,1,0,0,0,0,0,1,0,0,0,0,0,1
"44",603,10041,3,"Lvl","AllPub","Inside","Gtl","1Fam",8,5,1992,"TA","TA",908,"Y",0,1915,2,1,3,"Gd",1,1,"Attchd",2,"Y",0,150,2,2006,220000,NA,NA,0,1,0,0,0,0,0,0,0,0,1,0,0,0,0,0,0,1,1,0,0,0,0,0,1,0,0,0,0,0,0,1,0,0,0,0,1,0,0,0,0,0,1,0,0,0,0,0,1
"45",211,5604,4,"Lvl","AllPub","Inside","Gtl","1Fam",5,6,1925,"TA","TA",864,"N",0,864,1,0,2,"TA",1,0,"Attchd",0,"Y",0,0,4,2008,98000,NA,NA,0,0,1,0,0,0,0,0,0,0,1,0,0,0,0,0,0,0,1,0,0,0,0,0,1,0,0,0,1,0,0,0,0,0,0,0,0,1,0,0,0,0,1,0,0,0,0,0,0
"46",274,9600,4,"Lvl","AllPub","Inside","Gtl","1Fam",6,6,1958,"TA","TA",1240,"Y",0,1632,2,0,3,"TA",1,1,"Attchd",1,"Y",0,0,4,2009,139000,NA,NA,0,0,1,0,0,0,0,0,0,0,1,0,0,0,0,0,0,1,1,0,0,0,0,0,1,0,0,0,0,1,0,0,0,0,0,0,0,1,0,0,0,0,1,0,0,0,0,0,0
"47",1387,16692,3,"Lvl","AllPub","Inside","Gtl","1Fam",7,5,1978,"TA","TA",1392,"Y",0,2784,3,1,5,"Gd",1,2,"Attchd",2,"Y",519,112,7,2006,250000,NA,NA,0,1,0,0,0,0,0,0,0,0,1,0,0,0,0,0,0,1,1,0,0,0,0,0,1,0,0,0,0,0,1,0,0,0,0,0,1,0,0,0,0,0,1,0,0,0,0,0,1
"48",572,7332,4,"Lvl","AllPub","Inside","Gtl","1Fam",6,6,1959,"TA","TA",864,"Y",0,864,1,0,2,"Gd",1,0,"Attchd",1,"Y",0,0,10,2006,120000,NA,NA,0,0,1,0,0,0,0,0,0,0,1,0,0,0,0,0,0,1,1,0,0,0,0,0,1,0,0,0,0,1,0,0,0,0,0,0,0,1,0,0,0,0,1,0,0,0,0,0,1
"49",90,8070,4,"Lvl","AllPub","Inside","Gtl","1Fam",4,5,1994,"TA","TA",990,"Y",0,990,1,0,3,"TA",1,0,"Attchd",0,"Y",0,0,8,2007,123600,NA,NA,0,0,1,0,0,0,0,0,0,0,1,0,0,0,0,0,0,1,1,0,0,0,0,0,1,0,0,1,0,0,0,0,0,0,0,0,1,0,0,0,0,0,1,0,0,0,0,0,0
"50",939,8760,4,"Lvl","AllPub","Inside","Gtl","1Fam",7,5,2006,"TA","Gd",1391,"Y",0,1962,2,1,3,"Gd",1,0,"Attchd",3,"Y",0,90,8,2006,239799,NA,NA,0,0,1,0,0,0,0,0,0,0,1,0,0,0,0,0,0,1,1,0,0,0,0,0,1,0,0,0,0,0,1,0,0,0,0,0,1,0,0,0,0,0,1,0,1,0,0,0,1
"51",687,10207,4,"Lvl","AllPub","Inside","Gtl","1Fam",7,6,2007,"TA","TA",874,"Y",0,1761,3,0,3,"Gd",1,0,"Attchd",2,"Y",0,105,8,2007,227875,NA,NA,0,0,1,0,0,0,0,0,0,0,1,0,0,0,0,0,0,1,1,0,0,0,0,0,1,0,0,0,0,0,1,0,0,0,0,0,0,1,0,0,0,0,1,0,0,0,0,0,1
"52",435,1890,4,"Lvl","AllPub","Inside","Gtl","Twnhs",4,7,1972,"Gd","TA",630,"Y",0,630,1,0,1,"TA",1,0,"Attchd",0,"Y",0,0,6,2008,81000,NA,NA,0,0,1,0,0,0,0,0,0,0,1,0,0,0,0,1,0,1,1,0,0,0,0,0,1,0,0,1,0,0,0,0,0,0,0,0,0,0,1,0,0,1,0,0,0,0,0,0,0
"53",842,10440,4,"Lvl","AllPub","Inside","Gtl","1Fam",5,8,1904,"TA","TA",650,"Y",0,1539,2,0,3,"Gd",1,1,"Detchd",2,"P",0,78,6,2008,157500,NA,NA,0,0,1,0,0,0,0,0,0,0,1,0,0,0,0,0,0,1,0,0,0,0,1,1,0,0,0,0,1,0,0,0,0,0,0,0,0,0,0,1,0,0,1,0,0,0,0,0,1
"54",393,8339,3,"Lvl","AllPub","Inside","Gtl","1Fam",5,7,1959,"TA","NB",0,"Y",0,882,1,0,3,"TA",1,0,"Attchd",1,"Y",0,0,7,2007,106500,NA,NA,0,1,0,0,0,0,0,0,0,0,1,0,0,0,0,0,0,1,1,0,0,0,0,0,1,0,0,0,1,0,0,0,0,0,0,0,0,0,1,0,0,0,1,0,0,1,0,0,0
"55",1383,7200,4,"Lvl","AllPub","Corner","Gtl","1Fam",7,7,1920,"TA","TA",1064.51174377224,"Y",0,1517.22206703911,1,1,4,"Gd",1,0,"Detchd",2,"N",0,0,10,2006,157000,NA,NA,0,0,1,0,0,0,0,0,0,0,0,0,0,0,0,0,0,1,0,0,0,0,1,0,0,0,0,0,0,0,1,0,0,0,0,0,0,0,1,0,0,0,1,0,0,0,0,0,1
"56",284,9612,4,"Lvl","AllPub","Inside","Gtl","1Fam",8,5,2008,"TA","TA",1468,"Y",0,1468,2,0,3,"Gd",1,1,"Attchd",3,"Y",0,150,12,2009,244600,NA,NA,0,0,1,0,0,0,0,0,0,0,1,0,0,0,0,0,0,1,1,0,0,0,0,0,1,0,0,0,0,0,0,1,0,0,0,0,1,0,0,0,0,0,1,0,0,0,0,0,1
"57",288,8125,3,"Lvl","AllPub","Corner","Gtl","1Fam",4,4,1971,"TA","TA",858,"Y",0,858,1,0,3,"TA",1,0,"Attchd",0,"Y",0,0,6,2006,88000,NA,NA,0,1,0,0,0,0,0,0,0,0,0,0,0,0,0,0,0,1,1,0,0,0,0,0,1,0,0,1,0,0,0,0,0,0,0,1,0,0,0,0,0,0,1,0,0,0,0,0,0
"58",894,13284,4,"Lvl","AllPub","Inside","Gtl","1Fam",5,5,1954,"TA","TA",1383,"Y",0,1383,1,0,3,"TA",1,1,"Attchd",1,"Y",0,116,6,2008,165000,NA,NA,0,0,1,0,0,0,0,0,0,0,1,0,0,0,0,0,0,1,1,0,0,0,0,0,1,0,0,0,1,0,0,0,0,0,0,0,1,0,0,0,0,0,1,0,0,0,0,0,0
"59",1451,9000,4,"Lvl","AllPub","FR2","Gtl","Duplex",5,5,1974,"TA","TA",1064.51174377224,"Y",0,1792,2,2,4,"TA",2,0,"Attchd",0,"Y",0,45,9,2009,136000,NA,NA,0,0,1,0,0,0,0,0,1,0,0,0,0,0,1,0,0,1,1,0,0,0,0,0,1,0,0,0,1,0,0,0,0,0,0,0,1,0,0,0,0,0,1,0,0,0,0,0,0
"60",1320,10215,4,"Bnk","AllPub","Inside","Gtl","1Fam",4,5,1954,"TA","TA",864,"Y",0,948,1,0,3,"TA",1,0,"Attchd",1,"Y",0,0,2,2007,111000,NA,NA,0,0,1,0,0,0,0,0,0,0,1,0,0,0,0,0,0,1,1,0,0,0,0,0,1,0,0,1,0,0,0,0,0,0,0,0,1,0,0,0,0,0,1,0,0,0,0,0,0
"61",221,8990,3,"Lvl","AllPub","Inside","Gtl","1Fam",7,5,2006,"TA","TA",1498,"Y",0,1498,2,0,2,"Gd",1,0,"Attchd",2,"Y",0,33,4,2006,204900,NA,NA,0,1,0,0,0,0,0,0,0,0,1,0,0,0,0,0,0,1,1,0,0,0,0,0,1,0,0,0,0,0,1,0,0,0,0,0,1,0,0,0,0,0,1,0,0,0,0,0,1
"62",1430,12546,3,"Lvl","AllPub","Corner","Gtl","1Fam",6,7,1981,"Gd","TA",1440,"Y",0,1440,2,0,3,"Gd",1,1,"Attchd",2,"Y",0,0,4,2007,182900,NA,NA,0,1,0,0,0,0,0,0,0,0,0,0,0,0,0,0,0,1,1,0,0,0,0,0,1,0,0,0,0,1,0,0,0,0,0,0,0,0,1,0,0,1,0,0,0,0,0,0,1
"63",928,9900,4,"Lvl","AllPub","Inside","Gtl","1Fam",7,5,1968,"TA","TA",832,"Y",0,1978,2,1,4,"TA",1,1,"Attchd",2,"Y",0,43,4,2008,176000,NA,NA,0,0,1,0,0,0,0,0,0,0,1,0,0,0,0,0,0,1,1,0,0,0,0,0,1,0,0,0,0,0,1,0,0,0,0,0,1,0,0,0,0,0,1,0,0,0,0,0,0
"64",88,3951,4,"Lvl","AllPub","Corner","Gtl","TwnhsE",6,5,2009,"TA","TA",612,"Y",0,1224,2,1,2,"Gd",1,0,"Detchd",2,"Y",0,234,6,2009,164500,NA,NA,0,0,1,0,0,0,0,0,0,0,0,0,0,0,0,0,1,1,0,0,0,0,1,0,1,0,0,0,0,1,0,0,0,0,0,0,1,0,0,0,0,0,1,0,0,0,0,0,1
"65",754,10240,4,"Lvl","AllPub","Inside","Gtl","1Fam",8,5,2005,"TA","TA",1030,"Y",0,2098,2,1,3,"Ex",1,1,"Attchd",3,"Y",0,52,3,2006,275500,NA,NA,0,0,1,0,0,0,0,0,0,0,1,0,0,0,0,0,0,1,1,0,0,0,0,0,1,0,0,0,0,0,0,1,0,0,0,0,1,0,0,0,0,0,1,0,0,0,1,0,0
"66",715,13517,3,"Lvl","AllPub","CulDSac","Gtl","1Fam",6,8,1976,"TA","TA",725,"Y",0,1479,2,1,3,"Gd",1,0,"Attchd",2,"Y",0,44,3,2010,130500,NA,NA,0,1,0,0,0,0,0,1,0,0,0,0,0,0,0,0,0,1,1,0,0,0,0,0,1,0,0,0,0,1,0,0,0,0,0,0,0,0,0,1,0,0,1,0,0,0,0,0,1
"67",734,10000,4,"Lvl","AllPub","Corner","Gtl","1Fam",5,6,1961,"TA","TA",864,"Y",0,1144,1,0,3,"TA",1,1,"Attchd",1,"Y",0,0,3,2009,131400,NA,NA,0,0,1,0,0,0,0,0,0,0,0,0,0,0,0,0,0,1,1,0,0,0,0,0,1,0,0,0,1,0,0,0,0,0,0,0,0,1,0,0,0,0,1,0,0,0,0,0,0
"68",1065,11000,3,"Lvl","AllPub","CulDSac","Gtl","1Fam",5,6,1966,"TA","TA",1154,"Y",0,1154,1,1,3,"TA",1,1,"Attchd",2,"Y",0,58,11,2009,154000,NA,NA,0,1,0,0,0,0,0,1,0,0,0,0,0,0,0,0,0,1,1,0,0,0,0,0,1,0,0,0,1,0,0,0,0,0,0,0,0,1,0,0,0,0,1,0,0,0,0,0,0
"69",9,6120,4,"Lvl","AllPub","Inside","Gtl","1Fam",7,5,1931,"TA","TA",952,"Y",0,1774,2,0,2,"TA",2,2,"Detchd",2,"Y",0,0,4,2008,129900,NA,NA,0,0,1,0,0,0,0,0,0,0,1,0,0,0,0,0,0,1,0,0,0,0,1,0,1,0,0,0,0,0,1,0,0,0,0,0,1,0,0,0,0,0,1,0,0,0,0,0,0
"70",1219,6240,4,"Lvl","AllPub","Inside","Gtl","1Fam",4,5,1947,"TA","NB",0,"N",0,912,1,0,2,"TA",1,0,"Attchd",0,"N",0,0,7,2006,80500,NA,NA,0,0,1,0,0,0,0,0,0,0,1,0,0,0,0,0,0,0,1,0,0,0,0,0,0,0,0,1,0,0,0,0,0,0,0,0,1,0,0,0,0,0,1,0,0,1,0,0,0
"71",1142,10304,3,"Lvl","AllPub","CulDSac","Gtl","1Fam",5,7,1976,"Gd","TA",780,"Y",0,1868,2,1,4,"Gd",1,1,"Attchd",2,"Y",0,96,10,2009,197500,NA,NA,0,1,0,0,0,0,0,1,0,0,0,0,0,0,0,0,0,1,1,0,0,0,0,0,1,0,0,0,1,0,0,0,0,0,0,0,0,0,1,0,0,1,0,0,0,0,0,0,1
"72",802,4800,4,"Lvl","AllPub","Inside","Gtl","1Fam",4,7,1916,"TA","TA",1196,"Y",0,1196,1,0,2,"TA",1,0,"Detchd",2,"Y",0,0,7,2007,109900,NA,NA,0,0,1,0,0,0,0,0,0,0,1,0,0,0,0,0,0,1,0,0,0,0,1,0,1,0,0,1,0,0,0,0,0,0,0,0,0,0,1,0,0,0,1,0,0,0,0,0,0
"73",777,11210,3,"Lvl","AllPub","Inside","Gtl","1Fam",7,5,2005,"TA","TA",1614,"Y",0,1614,2,0,3,"Gd",1,0,"Attchd",3,"Y",0,59,7,2006,221500,NA,NA,0,1,0,0,0,0,0,0,0,0,1,0,0,0,0,0,0,1,1,0,0,0,0,0,1,0,0,0,0,0,1,0,0,0,0,0,1,0,0,0,0,0,1,0,0,0,0,0,1
"74",950,9360,4,"Lvl","AllPub","Inside","Gtl","1Fam",6,7,1972,"TA","TA",1161,"Y",0,1381,1,1,3,"Gd",1,1,"Attchd",2,"Y",0,0,3,2010,197500,NA,NA,0,0,1,0,0,0,0,0,0,0,1,0,0,0,0,0,0,1,1,0,0,0,0,0,1,0,0,0,0,1,0,0,0,0,0,0,0,0,1,0,0,0,1,0,0,0,0,0,1
"75",712,8712,4,"HLS","AllPub","Inside","Mod","1Fam",4,7,1900,"TA","TA",859,"Y",0,1178,1,0,2,"TA",1,0,"Detchd",1,"N",0,0,1,2010,102776,NA,NA,0,0,1,1,0,0,0,0,0,0,1,1,0,0,0,0,0,1,0,0,0,0,1,0,0,0,0,1,0,0,0,0,0,0,0,0,0,0,1,0,0,0,1,0,0,0,0,0,0
"76",355,8400,4,"Bnk","AllPub","Inside","Gtl","1Fam",6,5,1940,"TA","TA",940,"Y",0,1595,1,0,2,"TA",1,2,"Attchd",1,"Y",0,0,6,2006,140000,NA,NA,0,0,1,0,0,0,0,0,0,0,1,0,0,0,0,0,0,1,1,0,0,0,0,0,1,0,0,0,0,1,0,0,0,0,0,0,1,0,0,0,0,0,1,0,0,0,0,0,0
"77",1150,9000,4,"Lvl","AllPub","Inside","Gtl","1Fam",7,9,1920,"Gd","TA",650,"Y",0,1482,1,0,3,"TA",1,0,"Detchd",2,"Y",0,0,7,2009,143000,NA,NA,0,0,1,0,0,0,0,0,0,0,1,0,0,0,0,0,0,1,0,0,0,0,1,0,1,0,0,0,0,0,1,0,0,0,0,0,0,0,0,0,1,1,0,0,0,0,0,0,0
"78",1080,8775,4,"Lvl","AllPub","Inside","Gtl","1Fam",5,5,1994,"TA","TA",990,"Y",0,990,1,0,3,"TA",1,0,"Attchd",1,"Y",0,64,4,2007,126000,NA,NA,0,0,1,0,0,0,0,0,0,0,1,0,0,0,0,0,0,1,1,0,0,0,0,0,1,0,0,0,1,0,0,0,0,0,0,0,1,0,0,0,0,0,1,0,0,0,0,0,0
"79",615,1491,4,"Lvl","AllPub","Inside","Gtl","TwnhsE",4,6,1972,"TA","TA",630,"Y",0,630,1,0,1,"TA",1,0,"Attchd",0,"Y",0,24,5,2010,75500,NA,NA,0,0,1,0,0,0,0,0,0,0,1,0,0,0,0,0,1,1,1,0,0,0,0,0,1,0,0,1,0,0,0,0,0,0,0,0,0,1,0,0,0,0,1,0,0,0,0,0,0
"80",464,11988,3,"HLS","AllPub","Inside","Mod","1Fam",6,7,1934,"TA","TA",715,"Y",0,1660,1,1,3,"TA",1,1,"Detchd",1,"Y",0,0,8,2008,188700,NA,NA,0,1,0,1,0,0,0,0,0,0,1,1,0,0,0,0,0,1,0,0,0,0,1,0,1,0,0,0,0,1,0,0,0,0,0,0,0,0,1,0,0,0,1,0,0,0,0,0,0
"81",209,14364,3,"Low","AllPub","Inside","Mod","1Fam",7,5,1988,"TA","TA",1157,"Y",0,2062,2,1,3,"TA",1,1,"Attchd",2,"Y",0,55,4,2007,277000,NA,NA,0,1,0,0,1,0,0,0,0,0,1,1,0,0,0,0,0,1,1,0,0,0,0,0,1,0,0,0,0,0,1,0,0,0,0,0,1,0,0,0,0,0,1,0,0,0,0,0,0
"82",500,7535,3,"Lvl","AllPub","Inside","Gtl","1Fam",5,7,1958,"TA","TA",912,"Y",0,912,1,0,2,"TA",1,0,"Attchd",1,"Y",0,285,6,2007,120000,NA,NA,0,1,0,0,0,0,0,0,0,0,1,0,0,0,0,0,0,1,1,0,0,0,0,0,1,0,0,0,1,0,0,0,0,0,0,0,0,0,1,0,0,0,1,0,0,0,0,0,0
"83",301,15750,4,"Lvl","AllPub","Corner","Gtl","2fmCon",5,5,1953,"TA","TA",1165,"Y",0,1336,1,0,2,"TA",1,2,"Attchd",1,"Y",0,0,6,2006,157000,NA,NA,0,0,1,0,0,0,0,0,0,0,0,0,0,1,0,0,0,1,1,0,0,0,0,0,1,0,0,0,1,0,0,0,0,0,0,0,1,0,0,0,0,0,1,0,0,0,0,0,0
"84",1075,8556,4,"Lvl","AllPub","Inside","Gtl","1Fam",7,5,2006,"TA","TA",1240,"Y",0,1240,2,0,2,"Gd",1,0,"Attchd",3,"Y",0,93,5,2007,194000,NA,NA,0,0,1,0,0,0,0,0,0,0,1,0,0,0,0,0,0,1,1,0,0,0,0,0,1,0,0,0,0,0,1,0,0,0,0,0,1,0,0,0,0,0,1,0,0,0,0,0,1
"85",885,7150,4,"Lvl","AllPub","Inside","Gtl","1Fam",5,5,1967,"TA","TA",892,"Y",0,892,1,0,3,"TA",1,0,"Attchd",1,"Y",0,0,7,2009,100000,NA,NA,0,0,1,0,0,0,0,0,0,0,1,0,0,0,0,0,0,1,1,0,0,0,0,0,1,0,0,0,1,0,0,0,0,0,0,0,1,0,0,0,0,0,1,0,0,0,0,0,0
"86",95,9337,3,"Lvl","AllPub","Inside","Gtl","1Fam",6,5,1997,"Gd","TA",1064.51174377224,"Y",0,1786,2,1,3,"Gd",1,0,"Attchd",2,"Y",0,162,5,2007,204750,NA,NA,0,1,0,0,0,0,0,0,0,0,1,0,0,0,0,0,0,1,1,0,0,0,0,0,1,0,0,0,0,1,0,0,0,0,0,0,1,0,0,0,0,1,0,0,0,0,0,0,1
"87",1431,21930,1,"Lvl","AllPub","Inside","Gtl","1Fam",5,5,2005,"TA","Gd",732,"Y",0,1838,2,1,4,"TA",1,1,"BuiltIn",2,"Y",0,40,7,2006,192140,NA,NA,0,0,0,0,0,0,0,0,0,0,1,0,0,0,0,0,0,1,0,0,1,0,0,0,1,0,0,0,1,0,0,0,0,0,0,0,1,0,0,0,0,0,1,0,1,0,0,0,0
"88",1074,7950,3,"Bnk","AllPub","Corner","Gtl","1Fam",6,6,1977,"TA","TA",690,"Y",0,1426,1,1,3,"TA",1,0,"Attchd",2,"Y",0,0,7,2009,159500,NA,NA,0,1,0,0,0,0,0,0,0,0,0,0,0,0,0,0,0,1,1,0,0,0,0,0,1,0,0,0,0,1,0,0,0,0,0,0,0,1,0,0,0,0,1,0,0,0,0,0,0
"89",1439,7407,4,"Lvl","AllPub","Inside","Gtl","1Fam",6,7,1957,"TA","TA",912,"Y",0,1236,1,0,2,"TA",1,0,"Attchd",2,"Y",0,158,4,2010,149700,NA,NA,0,0,1,0,0,0,0,0,0,0,1,0,0,0,0,0,0,1,1,0,0,0,0,0,1,0,0,0,0,1,0,0,0,0,0,0,0,0,1,0,0,0,1,0,0,0,0,0,0
"90",866,8750,3,"Lvl","AllPub","Inside","Gtl","1Fam",5,6,1970,"TA","TA",1002,"Y",0,1002,1,0,3,"TA",1,0,"Detchd",2,"Y",0,0,8,2009,148500,NA,NA,0,1,0,0,0,0,0,0,0,0,1,0,0,0,0,0,0,1,0,0,0,0,1,0,1,0,0,0,1,0,0,0,0,0,0,0,0,1,0,0,0,0,1,0,0,0,0,0,0
"91",586,11443,4,"Lvl","AllPub","Inside","Gtl","1Fam",8,5,2005,"TA","TA",1868,"Y",0,2028,2,0,2,"Gd",1,2,"Attchd",3,"Y",0,66,3,2006,369900,NA,NA,0,0,1,0,0,0,0,0,0,0,1,0,0,0,0,0,0,1,1,0,0,0,0,0,1,0,0,0,0,0,0,1,0,0,0,0,1,0,0,0,0,0,1,0,0,0,0,0,1
"92",955,9400,3,"Lvl","AllPub","CulDSac","Gtl","Duplex",6,5,1975,"TA","Gd",945,"Y",0,980,2,0,4,"TA",0,0,"Attchd",0,"Y",0,0,10,2006,127500,NA,NA,0,1,0,0,0,0,0,1,0,0,0,0,0,0,1,0,0,1,1,0,0,0,0,0,1,0,0,0,0,1,0,0,0,0,0,0,1,0,0,0,0,0,1,0,1,0,0,0,0
"93",364,1680,4,"Lvl","AllPub","Inside","Gtl","Twnhs",6,8,1972,"TA","TA",483,"Y",0,987,1,1,2,"Gd",1,0,"Detchd",1,"Y",0,0,5,2009,118000,NA,NA,0,0,1,0,0,0,0,0,0,0,1,0,0,0,0,1,0,1,0,0,0,0,1,0,1,0,0,0,0,1,0,0,0,0,0,0,0,0,0,1,0,0,1,0,0,0,0,0,1
"94",723,8120,4,"Lvl","AllPub","Inside","Gtl","1Fam",4,7,1970,"Gd","TA",864,"Y",0,864,1,0,3,"TA",1,0,"Detchd",2,"Y",0,0,7,2009,124500,NA,NA,0,0,1,0,0,0,0,0,0,0,1,0,0,0,0,0,0,1,0,0,0,0,1,0,1,0,0,1,0,0,0,0,0,0,0,0,0,0,1,0,0,1,0,0,0,0,0,0,0
"95",81,13000,4,"Lvl","AllPub","Corner","Gtl","1Fam",6,6,1968,"Gd","TA",896,"Y",0,2142,2,1,4,"Gd",1,1,"Attchd",1,"Y",0,72,6,2009,193500,NA,NA,0,0,1,0,0,0,0,0,0,0,0,0,0,0,0,0,0,1,1,0,0,0,0,0,1,0,0,0,0,1,0,0,0,0,0,0,0,1,0,0,0,1,0,0,0,0,0,0,1
"96",969,5925,4,"Lvl","AllPub","Inside","Gtl","1Fam",3,6,1910,"TA","TA",600,"N",0,968,1,0,2,"TA",1,0,"Attchd",0,"Y",0,0,5,2009,37900,NA,NA,0,0,1,0,0,0,0,0,0,0,1,0,0,0,0,0,0,0,1,0,0,0,0,0,1,0,1,0,0,0,0,0,0,0,0,0,0,1,0,0,0,0,1,0,0,0,0,0,0
"97",79,10778,4,"Lvl","AllPub","Inside","Gtl","Duplex",4,5,1968,"TA","TA",1768,"N",0,1768,2,0,4,"TA",2,0,"Attchd",0,"Y",0,0,4,2010,136500,NA,NA,0,0,1,0,0,0,0,0,0,0,1,0,0,0,1,0,0,0,1,0,0,0,0,0,1,0,0,1,0,0,0,0,0,0,0,0,1,0,0,0,0,0,1,0,0,0,0,0,0
"98",304,9800,4,"Lvl","AllPub","Corner","Gtl","1Fam",5,7,1972,"TA","TA",894,"Y",0,894,1,0,3,"TA",1,0,"Attchd",2,"Y",0,0,7,2006,149900,NA,NA,0,0,1,0,0,0,0,0,0,0,0,0,0,0,0,0,0,1,1,0,0,0,0,0,1,0,0,0,1,0,0,0,0,0,0,0,0,0,1,0,0,0,1,0,0,0,0,0,0
"99",389,9382,3,"Lvl","AllPub","CulDSac","Gtl","1Fam",7,5,1999,"TA","TA",1468,"Y",0,1479,2,0,3,"Gd",1,0,"Attchd",2,"Y",0,25,7,2008,191000,NA,NA,0,1,0,0,0,0,0,1,0,0,0,0,0,0,0,0,0,1,1,0,0,0,0,0,1,0,0,0,0,0,1,0,0,0,0,0,1,0,0,0,0,0,1,0,0,0,0,0,1
"100",990,8125,4,"Lvl","AllPub","Inside","Gtl","1Fam",7,5,2006,"TA","Gd",770,"Y",0,1576,2,1,3,"Gd",1,0,"Attchd",2,"Y",0,50,8,2006,197000,NA,NA,0,0,1,0,0,0,0,0,0,0,1,0,0,0,0,0,0,1,1,0,0,0,0,0,1,0,0,0,0,0,1,0,0,0,0,0,1,0,0,0,0,0,1,0,1,0,0,0,1
